"Correlation_Id","Dispatch_Id","Agent_Id","Queue_Id","Process_Id","Thread_Id","Grid_Size","Kernel_Id","Kernel_Name","Workgroup_Size","LDS_Block_Size","Scratch_Size","VGPR_Count","Accum_VGPR_Count","SGPR_Count","Counter_Name","Counter_Value","Start_Timestamp","End_Timestamp"
202,202,"Agent 4",1,3732787,3732787,262144,11,"void gemm_a8w8_mxfp8_scale_kernel<FourWaveTraits<true> >(opus_gemm_scale_kargs)",256,139264,0,232,0,112,"SQ_ACTIVE_INST_VMEM",11074892.000000,888960427247017,888960427673619
202,202,"Agent 4",1,3732787,3732787,262144,11,"void gemm_a8w8_mxfp8_scale_kernel<FourWaveTraits<true> >(opus_gemm_scale_kargs)",256,139264,0,232,0,112,"SQ_INSTS_MFMA",16777216.000000,888960427247017,888960427673619
202,202,"Agent 4",1,3732787,3732787,262144,11,"void gemm_a8w8_mxfp8_scale_kernel<FourWaveTraits<true> >(opus_gemm_scale_kargs)",256,139264,0,232,0,112,"SQ_LDS_BANK_CONFLICT",18350080.000000,888960427247017,888960427673619
202,202,"Agent 4",1,3732787,3732787,262144,11,"void gemm_a8w8_mxfp8_scale_kernel<FourWaveTraits<true> >(opus_gemm_scale_kargs)",256,139264,0,232,0,112,"SQ_WAIT_INST_LDS",3216361.000000,888960427247017,888960427673619
202,202,"Agent 4",1,3732787,3732787,262144,11,"void gemm_a8w8_mxfp8_scale_kernel<FourWaveTraits<true> >(opus_gemm_scale_kargs)",256,139264,0,232,0,112,"SQ_WAVE_CYCLES",253684483.000000,888960427247017,888960427673619
203,203,"Agent 4",1,3732787,3732787,262144,11,"void gemm_a8w8_mxfp8_scale_kernel<FourWaveTraits<true> >(opus_gemm_scale_kargs)",256,139264,0,232,0,112,"SQ_ACTIVE_INST_VMEM",11074186.000000,888960427733579,888960428159821
203,203,"Agent 4",1,3732787,3732787,262144,11,"void gemm_a8w8_mxfp8_scale_kernel<FourWaveTraits<true> >(opus_gemm_scale_kargs)",256,139264,0,232,0,112,"SQ_INSTS_MFMA",16777216.000000,888960427733579,888960428159821
203,203,"Agent 4",1,3732787,3732787,262144,11,"void gemm_a8w8_mxfp8_scale_kernel<FourWaveTraits<true> >(opus_gemm_scale_kargs)",256,139264,0,232,0,112,"SQ_LDS_BANK_CONFLICT",18350080.000000,888960427733579,888960428159821
203,203,"Agent 4",1,3732787,3732787,262144,11,"void gemm_a8w8_mxfp8_scale_kernel<FourWaveTraits<true> >(opus_gemm_scale_kargs)",256,139264,0,232,0,112,"SQ_WAIT_INST_LDS",3240745.000000,888960427733579,888960428159821
203,203,"Agent 4",1,3732787,3732787,262144,11,"void gemm_a8w8_mxfp8_scale_kernel<FourWaveTraits<true> >(opus_gemm_scale_kargs)",256,139264,0,232,0,112,"SQ_WAVE_CYCLES",254430925.000000,888960427733579,888960428159821
204,204,"Agent 4",1,3732787,3732787,262144,11,"void gemm_a8w8_mxfp8_scale_kernel<FourWaveTraits<true> >(opus_gemm_scale_kargs)",256,139264,0,232,0,112,"SQ_ACTIVE_INST_VMEM",11074199.000000,888960428211222,888960428637744
204,204,"Agent 4",1,3732787,3732787,262144,11,"void gemm_a8w8_mxfp8_scale_kernel<FourWaveTraits<true> >(opus_gemm_scale_kargs)",256,139264,0,232,0,112,"SQ_INSTS_MFMA",16777216.000000,888960428211222,888960428637744
204,204,"Agent 4",1,3732787,3732787,262144,11,"void gemm_a8w8_mxfp8_scale_kernel<FourWaveTraits<true> >(opus_gemm_scale_kargs)",256,139264,0,232,0,112,"SQ_LDS_BANK_CONFLICT",18350080.000000,888960428211222,888960428637744
204,204,"Agent 4",1,3732787,3732787,262144,11,"void gemm_a8w8_mxfp8_scale_kernel<FourWaveTraits<true> >(opus_gemm_scale_kargs)",256,139264,0,232,0,112,"SQ_WAIT_INST_LDS",3252999.000000,888960428211222,888960428637744
204,204,"Agent 4",1,3732787,3732787,262144,11,"void gemm_a8w8_mxfp8_scale_kernel<FourWaveTraits<true> >(opus_gemm_scale_kargs)",256,139264,0,232,0,112,"SQ_WAVE_CYCLES",254363026.000000,888960428211222,888960428637744
